{"sfx_volume": 0.13523384928703308, "music_volume": 0.018274784088134766, "fullscreen": false, "show_fps": true}