{"sfx_volume": 0.03999999910593033, "music_volume": 0.024366378784179688, "fullscreen": true, "show_fps": true}