{"sfx_volume": 0.12999999523162842, "music_volume": 0.029999999329447746, "fullscreen": false}