{"sfx_volume": 0.047514721751213074, "music_volume": 0.0657893493771553, "fullscreen": false}