{"sfx_volume": 0.13684508204460144, "music_volume": 0.03725139796733856, "fullscreen": false, "show_fps": true}