{"sfx_volume": 0.33295318484306335, "music_volume": 0.2631579637527466, "fullscreen": false, "show_fps": true}
